nome,status,data_checkin,unidade
Ardene Pandya,Ativo,2025-02-18 00:00:00,PA
Ardene Pandya,Ativo,2025-03-11 00:00:00,IL
Ardene Pandya,Ativo,2025-03-21 00:00:00,TN
Ardene Pandya,Ativo,2025-05-11 00:00:00,LA
Ardene Pandya,Ativo,2025-05-12 00:00:00,NJ
Ardene Pandya,Ativo,2025-05-22 00:00:00,NJ
Ardene Pandya,Ativo,2025-05-26 00:00:00,ID
Ardene Pandya,Ativo,2025-06-05 00:00:00,NJ
Ardene Pandya,Ativo,2025-06-10 00:00:00,VT
Ardene Pandya,Ativo,2025-06-17 00:00:00,NY
Ardene Pandya,Ativo,2025-07-07 00:00:00,MT
Ardene Pandya,Ativo,2025-08-05 00:00:00,TX
Ardene Pandya,Ativo,2025-08-16 00:00:00,MD
Ardene Pandya,Ativo,2025-08-20 00:00:00,MO
Ardene Pandya,Ativo,2025-09-10 00:00:00,KS
Ardene Pandya,Ativo,2025-09-16 00:00:00,MI
Ardene Pandya,Ativo,2025-09-27 00:00:00,PA
Ardene Pandya,Ativo,2025-10-06 00:00:00,NC
Ardene Pandya,Ativo,2025-10-14 00:00:00,OH
Ardene Pandya,Ativo,2025-10-29 00:00:00,AR
Ardene Pandya,Ativo,2025-12-06 00:00:00,CO
Ardene Pandya,Ativo,2025-12-17 00:00:00,GA
Ardene Pandya,Ativo,2026-01-25 00:00:00,NE
Boot Werlock,Inadimplente,2025-03-08 00:00:00,NY
Boot Werlock,Inadimplente,2025-03-11 00:00:00,TX
Boot Werlock,Inadimplente,2025-03-23 00:00:00,TX
Boot Werlock,Inadimplente,2025-04-19 00:00:00,OK
Boot Werlock,Inadimplente,2025-04-29 00:00:00,AR
Boot Werlock,Inadimplente,2025-05-11 00:00:00,PA
Boot Werlock,Inadimplente,2025-05-19 00:00:00,LA
Boot Werlock,Inadimplente,2025-05-21 00:00:00,GA
Boot Werlock,Inadimplente,2025-05-26 00:00:00,IL
Boot Werlock,Inadimplente,2025-07-09 00:00:00,AZ
Boot Werlock,Inadimplente,2025-07-27 00:00:00,DE
Boot Werlock,Inadimplente,2025-08-12 00:00:00,PA
Boot Werlock,Inadimplente,2025-08-21 00:00:00,MT
Boot Werlock,Inadimplente,2025-09-07 00:00:00,CO
Boot Werlock,Inadimplente,2025-09-20 00:00:00,IL
Boot Werlock,Inadimplente,2025-10-16 00:00:00,PA
Boot Werlock,Inadimplente,2025-11-01 00:00:00,FL
Boot Werlock,Inadimplente,2025-12-06 00:00:00,MN
Boot Werlock,Inadimplente,2025-12-08 00:00:00,PA
Boot Werlock,Inadimplente,2025-12-09 00:00:00,PA
Boot Werlock,Inadimplente,2026-01-28 00:00:00,WA
Boot Werlock,Inadimplente,2026-02-11 00:00:00,PA
Mahmoud McCartney,Cancelado,2025-05-06 00:00:00,PA
Mahmoud McCartney,Cancelado,2025-05-16 00:00:00,IL
Mahmoud McCartney,Cancelado,2025-05-16 00:00:00,KY
Mahmoud McCartney,Cancelado,2025-05-22 00:00:00,FL
Mahmoud McCartney,Cancelado,2025-06-28 00:00:00,IL
Mahmoud McCartney,Cancelado,2025-07-26 00:00:00,OH
Mahmoud McCartney,Cancelado,2025-08-29 00:00:00,MD
Mahmoud McCartney,Cancelado,2025-09-03 00:00:00,AR
Mahmoud McCartney,Cancelado,2025-09-15 00:00:00,IL
Mahmoud McCartney,Cancelado,2025-09-16 00:00:00,UT
Mahmoud McCartney,Cancelado,2025-10-06 00:00:00,FL
Mahmoud McCartney,Cancelado,2025-11-02 00:00:00,MN
Mahmoud McCartney,Cancelado,2025-11-19 00:00:00,FL
Mahmoud McCartney,Cancelado,2025-12-03 00:00:00,MA
Mahmoud McCartney,Cancelado,2025-12-07 00:00:00,IA
Mahmoud McCartney,Cancelado,2026-01-01 00:00:00,IA
Mahmoud McCartney,Cancelado,2026-01-08 00:00:00,OH
Mahmoud McCartney,Cancelado,2026-02-02 00:00:00,GA
Padriac Gisbourn,Ativo,2025-03-11 00:00:00,NY
Padriac Gisbourn,Ativo,2025-03-18 00:00:00,CA
Padriac Gisbourn,Ativo,2025-03-26 00:00:00,GA
Padriac Gisbourn,Ativo,2025-03-27 00:00:00,TX
Padriac Gisbourn,Ativo,2025-04-14 00:00:00,MD
Padriac Gisbourn,Ativo,2025-04-17 00:00:00,GA
Padriac Gisbourn,Ativo,2025-04-25 00:00:00,IN
Padriac Gisbourn,Ativo,2025-04-29 00:00:00,IL
Padriac Gisbourn,Ativo,2025-05-05 00:00:00,MN
Padriac Gisbourn,Ativo,2025-05-26 00:00:00,AL
Padriac Gisbourn,Ativo,2025-05-29 00:00:00,TN
Padriac Gisbourn,Ativo,2025-06-25 00:00:00,IN
Padriac Gisbourn,Ativo,2025-07-06 00:00:00,TX
Padriac Gisbourn,Ativo,2025-07-29 00:00:00,AL
Padriac Gisbourn,Ativo,2025-08-02 00:00:00,PA
Padriac Gisbourn,Ativo,2025-08-09 00:00:00,HI
Padriac Gisbourn,Ativo,2025-08-17 00:00:00,NC
Padriac Gisbourn,Ativo,2025-09-06 00:00:00,MD
Padriac Gisbourn,Ativo,2025-09-23 00:00:00,TX
Padriac Gisbourn,Ativo,2025-09-25 00:00:00,AR
Padriac Gisbourn,Ativo,2025-10-04 00:00:00,CA
Padriac Gisbourn,Ativo,2025-10-27 00:00:00,MO
Padriac Gisbourn,Ativo,2025-10-27 00:00:00,TX
Padriac Gisbourn,Ativo,2026-01-05 00:00:00,OH
Kimmy Josephoff,Ativo,2025-02-23 00:00:00,WI
Kimmy Josephoff,Ativo,2025-03-05 00:00:00,UT
Kimmy Josephoff,Ativo,2025-03-15 00:00:00,IL
Kimmy Josephoff,Ativo,2025-05-19 00:00:00,GA
Kimmy Josephoff,Ativo,2025-05-27 00:00:00,MO
Kimmy Josephoff,Ativo,2025-06-14 00:00:00,OH
Kimmy Josephoff,Ativo,2025-07-05 00:00:00,IL
Kimmy Josephoff,Ativo,2025-08-12 00:00:00,AZ
Kimmy Josephoff,Ativo,2025-09-09 00:00:00,PA
Kimmy Josephoff,Ativo,2025-09-14 00:00:00,KY
Kimmy Josephoff,Ativo,2025-09-29 00:00:00,TX
Kimmy Josephoff,Ativo,2025-10-05 00:00:00,MI
Kimmy Josephoff,Ativo,2025-10-08 00:00:00,MS
Kimmy Josephoff,Ativo,2025-10-19 00:00:00,PR
Kimmy Josephoff,Ativo,2025-11-02 00:00:00,NV
Kimmy Josephoff,Ativo,2025-11-14 00:00:00,TX
Kimmy Josephoff,Ativo,2025-12-26 00:00:00,KS
Anallise Whitta,Cancelado,2025-02-19 00:00:00,NE
Anallise Whitta,Cancelado,2025-03-20 00:00:00,KS
Anallise Whitta,Cancelado,2025-03-26 00:00:00,SC
Anallise Whitta,Cancelado,2025-04-10 00:00:00,SD
Anallise Whitta,Cancelado,2025-04-22 00:00:00,IN
Anallise Whitta,Cancelado,2025-04-25 00:00:00,KS
Anallise Whitta,Cancelado,2025-05-17 00:00:00,TX
Anallise Whitta,Cancelado,2025-06-01 00:00:00,TX
Anallise Whitta,Cancelado,2025-06-09 00:00:00,TX
Anallise Whitta,Cancelado,2025-06-20 00:00:00,FL
Anallise Whitta,Cancelado,2025-06-30 00:00:00,AL
Anallise Whitta,Cancelado,2025-07-31 00:00:00,MO
Anallise Whitta,Cancelado,2025-08-10 00:00:00,TX
Anallise Whitta,Cancelado,2025-08-13 00:00:00,NY
Anallise Whitta,Cancelado,2025-08-14 00:00:00,WI
Anallise Whitta,Cancelado,2025-08-28 00:00:00,NC
Anallise Whitta,Cancelado,2025-09-08 00:00:00,MA
Anallise Whitta,Cancelado,2025-09-26 00:00:00,FL
Anallise Whitta,Cancelado,2025-10-08 00:00:00,CA
Anallise Whitta,Cancelado,2025-10-17 00:00:00,IN
Anallise Whitta,Cancelado,2025-11-22 00:00:00,MI
Anallise Whitta,Cancelado,2025-12-11 00:00:00,NY
Anallise Whitta,Cancelado,2025-12-15 00:00:00,VA
Anallise Whitta,Cancelado,2025-12-16 00:00:00,NJ
Anallise Whitta,Cancelado,2026-01-24 00:00:00,TX
Anallise Whitta,Cancelado,2026-02-07 00:00:00,TX
Gwendolen Iveans,Cancelado,2025-03-01 00:00:00,WI
Gwendolen Iveans,Cancelado,2025-03-08 00:00:00,NE
Gwendolen Iveans,Cancelado,2025-04-06 00:00:00,CT
Gwendolen Iveans,Cancelado,2025-04-10 00:00:00,ID
Gwendolen Iveans,Cancelado,2025-05-30 00:00:00,PA
Gwendolen Iveans,Cancelado,2025-06-18 00:00:00,MI
Gwendolen Iveans,Cancelado,2025-07-04 00:00:00,FL
Gwendolen Iveans,Cancelado,2025-07-08 00:00:00,TX
Gwendolen Iveans,Cancelado,2025-07-23 00:00:00,TX
Gwendolen Iveans,Cancelado,2025-07-30 00:00:00,FL
Gwendolen Iveans,Cancelado,2025-08-07 00:00:00,MS
Gwendolen Iveans,Cancelado,2025-08-21 00:00:00,NY
Gwendolen Iveans,Cancelado,2025-10-09 00:00:00,CA
Gwendolen Iveans,Cancelado,2025-10-11 00:00:00,LA
Gwendolen Iveans,Cancelado,2025-11-18 00:00:00,ND
Gwendolen Iveans,Cancelado,2025-11-21 00:00:00,CT
Gwendolen Iveans,Cancelado,2025-11-21 00:00:00,SC
Gwendolen Iveans,Cancelado,2025-12-14 00:00:00,VA
Gwendolen Iveans,Cancelado,2025-12-19 00:00:00,GA
Gwendolen Iveans,Cancelado,2025-12-20 00:00:00,NY
Gwendolen Iveans,Cancelado,2026-01-28 00:00:00,VA
Gwendolen Iveans,Cancelado,2026-02-08 00:00:00,NM
Gwendolen Iveans,Cancelado,2026-02-09 00:00:00,CA
Prue Rawlingson,Inadimplente,2025-03-02 00:00:00,MO
Prue Rawlingson,Inadimplente,2025-03-05 00:00:00,NC
Prue Rawlingson,Inadimplente,2025-03-12 00:00:00,ID
Prue Rawlingson,Inadimplente,2025-03-28 00:00:00,IL
Prue Rawlingson,Inadimplente,2025-04-01 00:00:00,NY
Prue Rawlingson,Inadimplente,2025-04-01 00:00:00,TX
Prue Rawlingson,Inadimplente,2025-04-05 00:00:00,TX
Prue Rawlingson,Inadimplente,2025-04-07 00:00:00,CA
Prue Rawlingson,Inadimplente,2025-04-26 00:00:00,NC
Prue Rawlingson,Inadimplente,2025-06-22 00:00:00,AL
Prue Rawlingson,Inadimplente,2025-06-23 00:00:00,CA
Prue Rawlingson,Inadimplente,2025-06-30 00:00:00,NY
Prue Rawlingson,Inadimplente,2025-07-08 00:00:00,OH
Prue Rawlingson,Inadimplente,2025-07-27 00:00:00,CA
Prue Rawlingson,Inadimplente,2025-08-05 00:00:00,TX
Prue Rawlingson,Inadimplente,2025-08-10 00:00:00,AK
Prue Rawlingson,Inadimplente,2025-08-15 00:00:00,OH
Prue Rawlingson,Inadimplente,2025-09-02 00:00:00,MS
Prue Rawlingson,Inadimplente,2025-09-08 00:00:00,FL
Prue Rawlingson,Inadimplente,2025-09-15 00:00:00,TX
Prue Rawlingson,Inadimplente,2025-09-28 00:00:00,TN
Prue Rawlingson,Inadimplente,2025-11-01 00:00:00,CA
Prue Rawlingson,Inadimplente,2025-12-10 00:00:00,VA
Prue Rawlingson,Inadimplente,2026-01-02 00:00:00,MD
Prue Rawlingson,Inadimplente,2026-01-12 00:00:00,CA
Prue Rawlingson,Inadimplente,2026-01-18 00:00:00,NH
Prue Rawlingson,Inadimplente,2026-01-19 00:00:00,TN
Man Maplethorpe,Ativo,2025-03-08 00:00:00,WV
Man Maplethorpe,Ativo,2025-03-20 00:00:00,OH
Man Maplethorpe,Ativo,2025-04-06 00:00:00,IN
Man Maplethorpe,Ativo,2025-06-18 00:00:00,WI
Man Maplethorpe,Ativo,2025-07-15 00:00:00,IA
Man Maplethorpe,Ativo,2025-07-27 00:00:00,CA
Man Maplethorpe,Ativo,2025-08-11 00:00:00,HI
Man Maplethorpe,Ativo,2025-08-20 00:00:00,NY
Man Maplethorpe,Ativo,2025-08-22 00:00:00,TX
Man Maplethorpe,Ativo,2025-09-29 00:00:00,MA
Man Maplethorpe,Ativo,2025-10-01 00:00:00,IA
Man Maplethorpe,Ativo,2025-10-10 00:00:00,IN
Man Maplethorpe,Ativo,2025-10-11 00:00:00,GA
Man Maplethorpe,Ativo,2025-11-06 00:00:00,TN
Man Maplethorpe,Ativo,2025-11-13 00:00:00,LA
Man Maplethorpe,Ativo,2025-11-15 00:00:00,TX
Man Maplethorpe,Ativo,2025-12-01 00:00:00,TX
Man Maplethorpe,Ativo,2025-12-13 00:00:00,IN
Man Maplethorpe,Ativo,2026-01-22 00:00:00,WA
Lauren Carstairs,Inadimplente,2025-02-21 00:00:00,MD
Lauren Carstairs,Inadimplente,2025-03-17 00:00:00,MI
Lauren Carstairs,Inadimplente,2025-04-04 00:00:00,AL
Lauren Carstairs,Inadimplente,2025-04-16 00:00:00,KY
Lauren Carstairs,Inadimplente,2025-06-18 00:00:00,GA
Lauren Carstairs,Inadimplente,2025-06-19 00:00:00,CA
Lauren Carstairs,Inadimplente,2025-07-19 00:00:00,CA
Lauren Carstairs,Inadimplente,2025-09-24 00:00:00,MS
Lauren Carstairs,Inadimplente,2025-09-26 00:00:00,WA
Lauren Carstairs,Inadimplente,2025-10-07 00:00:00,CA
Lauren Carstairs,Inadimplente,2025-11-05 00:00:00,WA
Lauren Carstairs,Inadimplente,2025-11-11 00:00:00,SC
Lauren Carstairs,Inadimplente,2025-11-20 00:00:00,CA
Lauren Carstairs,Inadimplente,2026-01-26 00:00:00,VA
Gilbertine O'Heaney,Ativo,2025-03-02 00:00:00,FL
Gilbertine O'Heaney,Ativo,2025-03-16 00:00:00,CA
Gilbertine O'Heaney,Ativo,2025-03-30 00:00:00,FL
Gilbertine O'Heaney,Ativo,2025-04-04 00:00:00,VA
Gilbertine O'Heaney,Ativo,2025-05-03 00:00:00,MI
Gilbertine O'Heaney,Ativo,2025-05-16 00:00:00,NJ
Gilbertine O'Heaney,Ativo,2025-05-29 00:00:00,NE
Gilbertine O'Heaney,Ativo,2025-06-05 00:00:00,SC
Gilbertine O'Heaney,Ativo,2025-07-05 00:00:00,FL
Gilbertine O'Heaney,Ativo,2025-07-10 00:00:00,PA
Gilbertine O'Heaney,Ativo,2025-08-08 00:00:00,AZ
Gilbertine O'Heaney,Ativo,2025-08-19 00:00:00,AL
Gilbertine O'Heaney,Ativo,2025-08-21 00:00:00,TX
Gilbertine O'Heaney,Ativo,2025-08-27 00:00:00,FL
Gilbertine O'Heaney,Ativo,2025-09-29 00:00:00,MN
Gilbertine O'Heaney,Ativo,2025-10-03 00:00:00,WA
Gilbertine O'Heaney,Ativo,2025-10-16 00:00:00,NY
Gilbertine O'Heaney,Ativo,2025-11-21 00:00:00,IA
Gilbertine O'Heaney,Ativo,2025-11-27 00:00:00,VA
Gilbertine O'Heaney,Ativo,2025-11-30 00:00:00,IL
Gilbertine O'Heaney,Ativo,2025-12-02 00:00:00,FL
Gilbertine O'Heaney,Ativo,2025-12-09 00:00:00,DC
Gilbertine O'Heaney,Ativo,2025-12-15 00:00:00,FL
Gilbertine O'Heaney,Ativo,2026-01-05 00:00:00,CA
Gilbertine O'Heaney,Ativo,2026-01-31 00:00:00,OH
Gilbertine O'Heaney,Ativo,2026-02-10 00:00:00,SC
Gilbertine O'Heaney,Ativo,2026-02-13 00:00:00,WV
Cullin Breazeall,Ativo,2025-03-04 00:00:00,NM
Cullin Breazeall,Ativo,2025-03-10 00:00:00,TX
Cullin Breazeall,Ativo,2025-03-26 00:00:00,OK
Cullin Breazeall,Ativo,2025-04-07 00:00:00,MN
Cullin Breazeall,Ativo,2025-04-25 00:00:00,TX
Cullin Breazeall,Ativo,2025-05-08 00:00:00,MI
Cullin Breazeall,Ativo,2025-06-07 00:00:00,LA
Cullin Breazeall,Ativo,2025-06-08 00:00:00,TX
Cullin Breazeall,Ativo,2025-06-14 00:00:00,FL
Cullin Breazeall,Ativo,2025-06-19 00:00:00,MO
Cullin Breazeall,Ativo,2025-06-26 00:00:00,PA
Cullin Breazeall,Ativo,2025-07-06 00:00:00,OH
Cullin Breazeall,Ativo,2025-07-22 00:00:00,MD
Cullin Breazeall,Ativo,2025-08-17 00:00:00,CA
Cullin Breazeall,Ativo,2025-11-04 00:00:00,CA
Cullin Breazeall,Ativo,2025-11-05 00:00:00,NM
Cullin Breazeall,Ativo,2025-11-09 00:00:00,FL
Cullin Breazeall,Ativo,2025-11-10 00:00:00,OR
Cullin Breazeall,Ativo,2025-11-16 00:00:00,MI
Cullin Breazeall,Ativo,2025-11-28 00:00:00,NC
Cullin Breazeall,Ativo,2025-12-02 00:00:00,MO
Cullin Breazeall,Ativo,2025-12-05 00:00:00,TX
Cullin Breazeall,Ativo,2025-12-19 00:00:00,NC
Cullin Breazeall,Ativo,2026-01-05 00:00:00,NC
Cullin Breazeall,Ativo,2026-02-02 00:00:00,CT
Cassandra Eddis,Ativo,2025-03-10 00:00:00,NC
Cassandra Eddis,Ativo,2025-03-17 00:00:00,CA
Cassandra Eddis,Ativo,2025-04-02 00:00:00,TN
Cassandra Eddis,Ativo,2025-04-05 00:00:00,KY
Cassandra Eddis,Ativo,2025-04-19 00:00:00,IA
Cassandra Eddis,Ativo,2025-05-14 00:00:00,MI
Cassandra Eddis,Ativo,2025-06-09 00:00:00,IN
Cassandra Eddis,Ativo,2025-07-21 00:00:00,CA
Cassandra Eddis,Ativo,2025-08-02 00:00:00,NC
Cassandra Eddis,Ativo,2025-08-16 00:00:00,OR
Cassandra Eddis,Ativo,2025-08-23 00:00:00,IN
Cassandra Eddis,Ativo,2025-11-13 00:00:00,IN
Cassandra Eddis,Ativo,2025-12-03 00:00:00,NV
Cassandra Eddis,Ativo,2025-12-21 00:00:00,NY
Cassandra Eddis,Ativo,2025-12-23 00:00:00,CA
Cassandra Eddis,Ativo,2026-01-01 00:00:00,MD
Cassandra Eddis,Ativo,2026-01-15 00:00:00,NY
Cassandra Eddis,Ativo,2026-01-21 00:00:00,OH
Cassandra Eddis,Ativo,2026-02-02 00:00:00,NM
Benedikta Browett,Ativo,2025-02-18 00:00:00,FL
Benedikta Browett,Ativo,2025-04-04 00:00:00,TX
Benedikta Browett,Ativo,2025-04-22 00:00:00,KY
Benedikta Browett,Ativo,2025-05-08 00:00:00,IL
Benedikta Browett,Ativo,2025-05-20 00:00:00,TX
Benedikta Browett,Ativo,2025-05-26 00:00:00,FL
Benedikta Browett,Ativo,2025-05-27 00:00:00,PA
Benedikta Browett,Ativo,2025-06-08 00:00:00,NY
Benedikta Browett,Ativo,2025-06-24 00:00:00,CA
Benedikta Browett,Ativo,2025-06-24 00:00:00,MO
Benedikta Browett,Ativo,2025-08-05 00:00:00,MI
Benedikta Browett,Ativo,2025-11-02 00:00:00,MA
Benedikta Browett,Ativo,2025-11-06 00:00:00,TN
Benedikta Browett,Ativo,2025-11-12 00:00:00,MI
Benedikta Browett,Ativo,2025-11-29 00:00:00,IN
Benedikta Browett,Ativo,2025-12-04 00:00:00,PR
Benedikta Browett,Ativo,2025-12-17 00:00:00,CA
Darin Pigford,Cancelado,2025-03-05 00:00:00,SD
Darin Pigford,Cancelado,2025-03-14 00:00:00,PA
Darin Pigford,Cancelado,2025-03-20 00:00:00,NJ
Darin Pigford,Cancelado,2025-05-03 00:00:00,CA
Darin Pigford,Cancelado,2025-06-12 00:00:00,IN
Darin Pigford,Cancelado,2025-08-01 00:00:00,TX
Darin Pigford,Cancelado,2025-08-03 00:00:00,MN
Darin Pigford,Cancelado,2025-08-11 00:00:00,CO
Darin Pigford,Cancelado,2025-08-29 00:00:00,TX
Darin Pigford,Cancelado,2025-10-20 00:00:00,KS
Darin Pigford,Cancelado,2025-11-26 00:00:00,NC
Darin Pigford,Cancelado,2025-11-29 00:00:00,IL
Darin Pigford,Cancelado,2026-01-06 00:00:00,MI
Yolane Philipsson,Cancelado,2025-02-19 00:00:00,FL
Yolane Philipsson,Cancelado,2025-02-20 00:00:00,FL
Yolane Philipsson,Cancelado,2025-02-21 00:00:00,NH
Yolane Philipsson,Cancelado,2025-03-03 00:00:00,FL
Yolane Philipsson,Cancelado,2025-05-18 00:00:00,FL
Yolane Philipsson,Cancelado,2025-05-31 00:00:00,MA
Yolane Philipsson,Cancelado,2025-06-02 00:00:00,CA
Yolane Philipsson,Cancelado,2025-06-16 00:00:00,OR
Yolane Philipsson,Cancelado,2025-08-01 00:00:00,TX
Yolane Philipsson,Cancelado,2025-08-21 00:00:00,IL
Yolane Philipsson,Cancelado,2025-08-31 00:00:00,VA
Yolane Philipsson,Cancelado,2025-11-05 00:00:00,CO
Yolane Philipsson,Cancelado,2025-11-07 00:00:00,FL
Yolane Philipsson,Cancelado,2025-11-20 00:00:00,KS
Yolane Philipsson,Cancelado,2025-12-06 00:00:00,NY
Yolane Philipsson,Cancelado,2025-12-21 00:00:00,NC
Yolane Philipsson,Cancelado,2026-01-12 00:00:00,GA
Yolane Philipsson,Cancelado,2026-02-11 00:00:00,MN
Yolane Philipsson,Cancelado,2026-02-15 00:00:00,KY
Yolane Philipsson,Cancelado,2026-02-16 00:00:00,IN
Omar Bowness,Cancelado,2025-03-06 00:00:00,OK
Omar Bowness,Cancelado,2025-03-31 00:00:00,CO
Omar Bowness,Cancelado,2025-05-19 00:00:00,AL
Omar Bowness,Cancelado,2025-05-24 00:00:00,CA
Omar Bowness,Cancelado,2025-08-01 00:00:00,FL
Omar Bowness,Cancelado,2025-08-16 00:00:00,IL
Omar Bowness,Cancelado,2025-09-12 00:00:00,WA
Omar Bowness,Cancelado,2025-09-27 00:00:00,IL
Omar Bowness,Cancelado,2025-10-28 00:00:00,NJ
Omar Bowness,Cancelado,2025-11-01 00:00:00,PA
Omar Bowness,Cancelado,2025-11-27 00:00:00,HI
Omar Bowness,Cancelado,2025-12-01 00:00:00,IA
Omar Bowness,Cancelado,2025-12-08 00:00:00,MA
Omar Bowness,Cancelado,2026-01-19 00:00:00,IN
Omar Bowness,Cancelado,2026-01-21 00:00:00,NC
Omar Bowness,Cancelado,2026-02-01 00:00:00,TX
Omar Bowness,Cancelado,2026-02-04 00:00:00,TN
Paten Vanyukhin,Cancelado,2025-04-03 00:00:00,AZ
Paten Vanyukhin,Cancelado,2025-05-08 00:00:00,CA
Paten Vanyukhin,Cancelado,2025-05-08 00:00:00,MO
Paten Vanyukhin,Cancelado,2025-06-04 00:00:00,FL
Paten Vanyukhin,Cancelado,2025-08-15 00:00:00,CA
Paten Vanyukhin,Cancelado,2025-10-21 00:00:00,FL
Paten Vanyukhin,Cancelado,2025-11-17 00:00:00,FL
Paten Vanyukhin,Cancelado,2025-11-28 00:00:00,OH
Paten Vanyukhin,Cancelado,2025-12-11 00:00:00,MS
Paten Vanyukhin,Cancelado,2025-12-12 00:00:00,MD
Paten Vanyukhin,Cancelado,2025-12-15 00:00:00,OH
Paten Vanyukhin,Cancelado,2025-12-18 00:00:00,UT
Paten Vanyukhin,Cancelado,2025-12-21 00:00:00,TN
Paten Vanyukhin,Cancelado,2026-01-10 00:00:00,FL
Paten Vanyukhin,Cancelado,2026-02-03 00:00:00,NY
Paten Vanyukhin,Cancelado,2026-02-09 00:00:00,TX
Mabelle Ludl,Inadimplente,2025-03-23 00:00:00,CA
Mabelle Ludl,Inadimplente,2025-04-17 00:00:00,GA
Mabelle Ludl,Inadimplente,2025-07-11 00:00:00,IL
Mabelle Ludl,Inadimplente,2025-07-14 00:00:00,TX
Mabelle Ludl,Inadimplente,2025-07-19 00:00:00,CO
Mabelle Ludl,Inadimplente,2025-07-25 00:00:00,NY
Mabelle Ludl,Inadimplente,2025-07-28 00:00:00,CA
Mabelle Ludl,Inadimplente,2025-07-31 00:00:00,VA
Mabelle Ludl,Inadimplente,2025-08-31 00:00:00,KS
Mabelle Ludl,Inadimplente,2025-09-22 00:00:00,IN
Mabelle Ludl,Inadimplente,2025-11-18 00:00:00,VA
Mabelle Ludl,Inadimplente,2025-12-12 00:00:00,FL
Mabelle Ludl,Inadimplente,2026-01-18 00:00:00,IN
Mabelle Ludl,Inadimplente,2026-01-18 00:00:00,TN
Tiffany Steddall,Ativo,2025-03-13 00:00:00,MA
Tiffany Steddall,Ativo,2025-03-27 00:00:00,CA
Tiffany Steddall,Ativo,2025-04-04 00:00:00,CA
Tiffany Steddall,Ativo,2025-04-09 00:00:00,MA
Tiffany Steddall,Ativo,2025-04-30 00:00:00,TX
Tiffany Steddall,Ativo,2025-06-16 00:00:00,NY
Tiffany Steddall,Ativo,2025-07-02 00:00:00,CA
Tiffany Steddall,Ativo,2025-07-02 00:00:00,MI
Tiffany Steddall,Ativo,2025-07-05 00:00:00,MI
Tiffany Steddall,Ativo,2025-07-13 00:00:00,CA
Tiffany Steddall,Ativo,2025-07-14 00:00:00,MN
Tiffany Steddall,Ativo,2025-07-16 00:00:00,GA
Tiffany Steddall,Ativo,2025-08-20 00:00:00,CA
Tiffany Steddall,Ativo,2025-09-27 00:00:00,FL
Tiffany Steddall,Ativo,2025-11-13 00:00:00,FL
Tiffany Steddall,Ativo,2025-11-18 00:00:00,MN
Tiffany Steddall,Ativo,2025-11-20 00:00:00,NV
Tiffany Steddall,Ativo,2025-11-27 00:00:00,CA
Tiffany Steddall,Ativo,2025-12-16 00:00:00,GA
Tiffany Steddall,Ativo,2025-12-20 00:00:00,FL
Tiffany Steddall,Ativo,2025-12-23 00:00:00,NY
Tiffany Steddall,Ativo,2026-01-11 00:00:00,NY
Whitney Philippart,Inadimplente,2025-02-19 00:00:00,IL
Whitney Philippart,Inadimplente,2025-04-26 00:00:00,ID
Whitney Philippart,Inadimplente,2025-05-25 00:00:00,CA
Whitney Philippart,Inadimplente,2025-06-15 00:00:00,WI
Whitney Philippart,Inadimplente,2025-06-16 00:00:00,MI
Whitney Philippart,Inadimplente,2025-06-17 00:00:00,GA
Whitney Philippart,Inadimplente,2025-07-12 00:00:00,WA
Whitney Philippart,Inadimplente,2025-08-23 00:00:00,TN
Whitney Philippart,Inadimplente,2025-09-07 00:00:00,CA
Whitney Philippart,Inadimplente,2026-01-13 00:00:00,FL
Whitney Philippart,Inadimplente,2026-01-13 00:00:00,IA
Delcine Featherston,Ativo,2025-02-24 00:00:00,FL
Delcine Featherston,Ativo,2025-03-13 00:00:00,TN
Delcine Featherston,Ativo,2025-03-18 00:00:00,NY
Delcine Featherston,Ativo,2025-03-27 00:00:00,PR
Delcine Featherston,Ativo,2025-03-29 00:00:00,NY
Delcine Featherston,Ativo,2025-04-21 00:00:00,AZ
Delcine Featherston,Ativo,2025-05-03 00:00:00,GA
Delcine Featherston,Ativo,2025-05-04 00:00:00,CA
Delcine Featherston,Ativo,2025-05-30 00:00:00,WA
Delcine Featherston,Ativo,2025-07-15 00:00:00,NY
Delcine Featherston,Ativo,2025-10-01 00:00:00,IL
Delcine Featherston,Ativo,2025-10-13 00:00:00,RI
Delcine Featherston,Ativo,2025-11-08 00:00:00,MD
Delcine Featherston,Ativo,2025-11-19 00:00:00,OH
Delcine Featherston,Ativo,2025-12-22 00:00:00,WA
Delcine Featherston,Ativo,2026-01-02 00:00:00,FL
Delcine Featherston,Ativo,2026-01-09 00:00:00,MI
Corby Yven,Ativo,2025-03-05 00:00:00,AZ
Corby Yven,Ativo,2025-03-09 00:00:00,AL
Corby Yven,Ativo,2025-03-23 00:00:00,CO
Corby Yven,Ativo,2025-04-06 00:00:00,MD
Corby Yven,Ativo,2025-04-14 00:00:00,SD
Corby Yven,Ativo,2025-06-03 00:00:00,FL
Corby Yven,Ativo,2025-06-26 00:00:00,NY
Corby Yven,Ativo,2025-07-17 00:00:00,OK
Corby Yven,Ativo,2025-08-18 00:00:00,KS
Corby Yven,Ativo,2025-09-17 00:00:00,GA
Corby Yven,Ativo,2025-10-20 00:00:00,NY
Corby Yven,Ativo,2025-11-06 00:00:00,AZ
Corby Yven,Ativo,2025-11-25 00:00:00,NJ
Corby Yven,Ativo,2025-12-09 00:00:00,ID
Corby Yven,Ativo,2025-12-17 00:00:00,MD
Corby Yven,Ativo,2025-12-25 00:00:00,TX
Corby Yven,Ativo,2026-01-05 00:00:00,AR
Corby Yven,Ativo,2026-01-18 00:00:00,MI
Ezmeralda Blazeby,Ativo,2025-02-18 00:00:00,FL
Ezmeralda Blazeby,Ativo,2025-03-02 00:00:00,IN
Ezmeralda Blazeby,Ativo,2025-03-05 00:00:00,CA
Ezmeralda Blazeby,Ativo,2025-03-11 00:00:00,CT
Ezmeralda Blazeby,Ativo,2025-04-20 00:00:00,CA
Ezmeralda Blazeby,Ativo,2025-05-07 00:00:00,CA
Ezmeralda Blazeby,Ativo,2025-05-15 00:00:00,MI
Ezmeralda Blazeby,Ativo,2025-05-19 00:00:00,OH
Ezmeralda Blazeby,Ativo,2025-06-03 00:00:00,NC
Ezmeralda Blazeby,Ativo,2025-07-14 00:00:00,CA
Ezmeralda Blazeby,Ativo,2025-07-14 00:00:00,TX
Ezmeralda Blazeby,Ativo,2025-07-16 00:00:00,WA
Ezmeralda Blazeby,Ativo,2025-08-02 00:00:00,CA
Ezmeralda Blazeby,Ativo,2025-08-14 00:00:00,IL
Ezmeralda Blazeby,Ativo,2025-10-10 00:00:00,LA
Ezmeralda Blazeby,Ativo,2025-11-22 00:00:00,KY
Ezmeralda Blazeby,Ativo,2025-12-09 00:00:00,WV
Ezmeralda Blazeby,Ativo,2025-12-18 00:00:00,LA
Ezmeralda Blazeby,Ativo,2026-01-05 00:00:00,PA
Ezmeralda Blazeby,Ativo,2026-02-11 00:00:00,TX
Ezmeralda Blazeby,Ativo,2026-02-13 00:00:00,CO
Alan Nutley,Inadimplente,2025-02-20 00:00:00,MN
Alan Nutley,Inadimplente,2025-03-18 00:00:00,IL
Alan Nutley,Inadimplente,2025-03-23 00:00:00,IL
Alan Nutley,Inadimplente,2025-04-29 00:00:00,WA
Alan Nutley,Inadimplente,2025-06-14 00:00:00,ND
Alan Nutley,Inadimplente,2025-06-24 00:00:00,FL
Alan Nutley,Inadimplente,2025-08-02 00:00:00,VT
Alan Nutley,Inadimplente,2025-08-06 00:00:00,SC
Alan Nutley,Inadimplente,2025-08-21 00:00:00,WI
Alan Nutley,Inadimplente,2025-09-01 00:00:00,VA
Alan Nutley,Inadimplente,2025-10-05 00:00:00,NY
Alan Nutley,Inadimplente,2025-11-02 00:00:00,MO
Alan Nutley,Inadimplente,2025-11-04 00:00:00,OR
Alan Nutley,Inadimplente,2025-12-27 00:00:00,MI
Alan Nutley,Inadimplente,2025-12-28 00:00:00,AL
Alan Nutley,Inadimplente,2026-01-17 00:00:00,CA
Robinia Sprull,Ativo,2025-03-01 00:00:00,FL
Robinia Sprull,Ativo,2025-03-21 00:00:00,NC
Robinia Sprull,Ativo,2025-04-18 00:00:00,NE
Robinia Sprull,Ativo,2025-05-21 00:00:00,AZ
Robinia Sprull,Ativo,2025-06-26 00:00:00,IL
Robinia Sprull,Ativo,2025-06-30 00:00:00,TX
Robinia Sprull,Ativo,2025-07-27 00:00:00,SC
Robinia Sprull,Ativo,2025-08-19 00:00:00,FL
Robinia Sprull,Ativo,2025-08-21 00:00:00,KY
Robinia Sprull,Ativo,2025-09-14 00:00:00,FL
Robinia Sprull,Ativo,2025-09-16 00:00:00,KY
Robinia Sprull,Ativo,2025-09-28 00:00:00,NC
Robinia Sprull,Ativo,2025-10-29 00:00:00,MA
Robinia Sprull,Ativo,2025-11-09 00:00:00,IL
Robinia Sprull,Ativo,2025-11-11 00:00:00,FL
Robinia Sprull,Ativo,2025-11-15 00:00:00,NJ
Robinia Sprull,Ativo,2025-12-04 00:00:00,IL
Robinia Sprull,Ativo,2025-12-06 00:00:00,MD
Robinia Sprull,Ativo,2026-01-30 00:00:00,NC
Robinia Sprull,Ativo,2026-02-02 00:00:00,WI
Werner Paradise,Cancelado,2025-02-20 00:00:00,CO
Werner Paradise,Cancelado,2025-02-23 00:00:00,GA
Werner Paradise,Cancelado,2025-03-12 00:00:00,TX
Werner Paradise,Cancelado,2025-04-15 00:00:00,GA
Werner Paradise,Cancelado,2025-05-21 00:00:00,ID
Werner Paradise,Cancelado,2025-07-06 00:00:00,DE
Werner Paradise,Cancelado,2025-08-27 00:00:00,GA
Werner Paradise,Cancelado,2025-09-13 00:00:00,NJ
Werner Paradise,Cancelado,2025-09-29 00:00:00,GA
Werner Paradise,Cancelado,2025-10-29 00:00:00,LA
Werner Paradise,Cancelado,2025-11-05 00:00:00,TX
Werner Paradise,Cancelado,2025-11-06 00:00:00,PA
Werner Paradise,Cancelado,2025-12-07 00:00:00,NY
Werner Paradise,Cancelado,2025-12-30 00:00:00,IN
Werner Paradise,Cancelado,2025-12-31 00:00:00,NE
Werner Paradise,Cancelado,2026-01-24 00:00:00,IL
Danyelle Tubby,Cancelado,2025-05-15 00:00:00,AZ
Danyelle Tubby,Cancelado,2025-06-25 00:00:00,WV
Danyelle Tubby,Cancelado,2025-06-27 00:00:00,MO
Danyelle Tubby,Cancelado,2025-07-19 00:00:00,NY
Danyelle Tubby,Cancelado,2025-08-12 00:00:00,FL
Danyelle Tubby,Cancelado,2025-08-20 00:00:00,IN
Danyelle Tubby,Cancelado,2025-08-31 00:00:00,NY
Danyelle Tubby,Cancelado,2025-09-17 00:00:00,IN
Danyelle Tubby,Cancelado,2025-09-23 00:00:00,NC
Danyelle Tubby,Cancelado,2025-12-03 00:00:00,IN
Danyelle Tubby,Cancelado,2025-12-22 00:00:00,MO
Danyelle Tubby,Cancelado,2026-01-31 00:00:00,NC
Danyelle Tubby,Cancelado,2026-02-11 00:00:00,IL
Alair Stickins,Cancelado,2025-03-06 00:00:00,IA
Alair Stickins,Cancelado,2025-03-22 00:00:00,UT
Alair Stickins,Cancelado,2025-04-02 00:00:00,NY
Alair Stickins,Cancelado,2025-04-04 00:00:00,LA
Alair Stickins,Cancelado,2025-04-15 00:00:00,WI
Alair Stickins,Cancelado,2025-05-12 00:00:00,GA
Alair Stickins,Cancelado,2025-07-14 00:00:00,MO
Alair Stickins,Cancelado,2025-08-24 00:00:00,WV
Alair Stickins,Cancelado,2025-09-05 00:00:00,TN
Alair Stickins,Cancelado,2025-09-07 00:00:00,PR
Alair Stickins,Cancelado,2025-09-08 00:00:00,CA
Alair Stickins,Cancelado,2025-09-11 00:00:00,WA
Alair Stickins,Cancelado,2025-10-02 00:00:00,NM
Alair Stickins,Cancelado,2025-10-23 00:00:00,GA
Alair Stickins,Cancelado,2025-10-31 00:00:00,MS
Alair Stickins,Cancelado,2025-11-03 00:00:00,GA
Alair Stickins,Cancelado,2025-11-04 00:00:00,PA
Alair Stickins,Cancelado,2025-12-03 00:00:00,CA
Alair Stickins,Cancelado,2026-02-07 00:00:00,SC
Alair Stickins,Cancelado,2026-02-10 00:00:00,WI
Alair Stickins,Cancelado,2026-02-14 00:00:00,NJ
Johnathon Bendson,Inadimplente,2025-03-05 00:00:00,MD
Johnathon Bendson,Inadimplente,2025-03-23 00:00:00,CT
Johnathon Bendson,Inadimplente,2025-03-30 00:00:00,LA
Johnathon Bendson,Inadimplente,2025-04-24 00:00:00,WI
Johnathon Bendson,Inadimplente,2025-05-17 00:00:00,MO
Johnathon Bendson,Inadimplente,2025-05-19 00:00:00,AL
Johnathon Bendson,Inadimplente,2025-07-14 00:00:00,LA
Johnathon Bendson,Inadimplente,2025-08-27 00:00:00,TX
Johnathon Bendson,Inadimplente,2025-09-16 00:00:00,WV
Johnathon Bendson,Inadimplente,2025-09-17 00:00:00,IN
Johnathon Bendson,Inadimplente,2025-09-21 00:00:00,IL
Johnathon Bendson,Inadimplente,2025-10-02 00:00:00,IA
Johnathon Bendson,Inadimplente,2025-10-03 00:00:00,IL
Johnathon Bendson,Inadimplente,2025-10-10 00:00:00,WI
Johnathon Bendson,Inadimplente,2025-11-04 00:00:00,IL
Johnathon Bendson,Inadimplente,2026-01-25 00:00:00,CA
Lorelle Heazel,Cancelado,2025-03-02 00:00:00,MS
Lorelle Heazel,Cancelado,2025-03-14 00:00:00,GA
Lorelle Heazel,Cancelado,2025-04-09 00:00:00,CA
Lorelle Heazel,Cancelado,2025-04-28 00:00:00,FL
Lorelle Heazel,Cancelado,2025-05-26 00:00:00,MI
Lorelle Heazel,Cancelado,2025-06-20 00:00:00,MI
Lorelle Heazel,Cancelado,2025-07-08 00:00:00,IN
Lorelle Heazel,Cancelado,2025-08-05 00:00:00,CA
Lorelle Heazel,Cancelado,2025-09-10 00:00:00,MI
Lorelle Heazel,Cancelado,2025-09-22 00:00:00,KS
Lorelle Heazel,Cancelado,2025-09-28 00:00:00,IA
Lorelle Heazel,Cancelado,2025-10-24 00:00:00,FL
Lorelle Heazel,Cancelado,2025-10-26 00:00:00,NC
Lorelle Heazel,Cancelado,2025-11-08 00:00:00,TX
Lorelle Heazel,Cancelado,2025-11-24 00:00:00,MI
Lorelle Heazel,Cancelado,2025-11-28 00:00:00,PA
Lorelle Heazel,Cancelado,2025-11-30 00:00:00,AL
Lorelle Heazel,Cancelado,2025-12-01 00:00:00,IN
Lorelle Heazel,Cancelado,2025-12-10 00:00:00,MI
Lorelle Heazel,Cancelado,2025-12-11 00:00:00,PA
Lorelle Heazel,Cancelado,2025-12-17 00:00:00,KS
Lorelle Heazel,Cancelado,2025-12-24 00:00:00,OK
Lorelle Heazel,Cancelado,2026-01-26 00:00:00,OH
Lorelle Heazel,Cancelado,2026-02-13 00:00:00,PR
Dietrich Exley,Inadimplente,2025-02-24 00:00:00,IN
Dietrich Exley,Inadimplente,2025-03-13 00:00:00,WV
Dietrich Exley,Inadimplente,2025-03-23 00:00:00,NY
Dietrich Exley,Inadimplente,2025-05-18 00:00:00,ID
Dietrich Exley,Inadimplente,2025-06-16 00:00:00,FL
Dietrich Exley,Inadimplente,2025-08-07 00:00:00,PA
Dietrich Exley,Inadimplente,2025-08-18 00:00:00,NM
Dietrich Exley,Inadimplente,2025-08-22 00:00:00,IN
Dietrich Exley,Inadimplente,2025-08-31 00:00:00,CA
Dietrich Exley,Inadimplente,2025-09-25 00:00:00,HI
Dietrich Exley,Inadimplente,2025-09-28 00:00:00,IL
Dietrich Exley,Inadimplente,2025-10-30 00:00:00,CA
Dietrich Exley,Inadimplente,2025-11-09 00:00:00,TN
Dietrich Exley,Inadimplente,2025-12-07 00:00:00,ME
Dietrich Exley,Inadimplente,2025-12-11 00:00:00,GA
Dietrich Exley,Inadimplente,2026-01-11 00:00:00,NE
Dietrich Exley,Inadimplente,2026-01-20 00:00:00,MA
Dietrich Exley,Inadimplente,2026-01-22 00:00:00,AK
Dietrich Exley,Inadimplente,2026-01-23 00:00:00,ME
Dietrich Exley,Inadimplente,2026-01-25 00:00:00,OK
Dietrich Exley,Inadimplente,2026-01-27 00:00:00,MD
Dietrich Exley,Inadimplente,2026-02-12 00:00:00,FL
Dietrich Exley,Inadimplente,2026-02-14 00:00:00,WY
Malynda Shapera,Cancelado,2025-03-11 00:00:00,FL
Malynda Shapera,Cancelado,2025-03-15 00:00:00,FL
Malynda Shapera,Cancelado,2025-04-18 00:00:00,CA
Malynda Shapera,Cancelado,2025-04-28 00:00:00,IA
Malynda Shapera,Cancelado,2025-05-10 00:00:00,MT
Malynda Shapera,Cancelado,2025-05-17 00:00:00,TX
Malynda Shapera,Cancelado,2025-05-29 00:00:00,CA
Malynda Shapera,Cancelado,2025-06-11 00:00:00,MN
Malynda Shapera,Cancelado,2025-06-14 00:00:00,IA
Malynda Shapera,Cancelado,2025-07-05 00:00:00,AR
Malynda Shapera,Cancelado,2025-07-13 00:00:00,KY
Malynda Shapera,Cancelado,2025-07-24 00:00:00,MS
Malynda Shapera,Cancelado,2025-08-09 00:00:00,VA
Malynda Shapera,Cancelado,2025-08-11 00:00:00,FL
Malynda Shapera,Cancelado,2025-08-14 00:00:00,NM
Malynda Shapera,Cancelado,2025-08-19 00:00:00,TX
Malynda Shapera,Cancelado,2025-08-26 00:00:00,TN
Malynda Shapera,Cancelado,2025-09-12 00:00:00,MI
Malynda Shapera,Cancelado,2025-10-12 00:00:00,MT
Malynda Shapera,Cancelado,2025-10-14 00:00:00,FL
Malynda Shapera,Cancelado,2025-11-26 00:00:00,FL
Malynda Shapera,Cancelado,2025-11-27 00:00:00,FL
Malynda Shapera,Cancelado,2025-11-29 00:00:00,MT
Malynda Shapera,Cancelado,2025-12-17 00:00:00,MT
Malynda Shapera,Cancelado,2025-12-25 00:00:00,NC
Malynda Shapera,Cancelado,2026-01-19 00:00:00,PA
Malynda Shapera,Cancelado,2026-02-01 00:00:00,KY
Malynda Shapera,Cancelado,2026-02-11 00:00:00,CA
Malynda Shapera,Cancelado,2026-02-12 00:00:00,NC
Nealson Wyldish,Ativo,2025-03-13 00:00:00,PA
Nealson Wyldish,Ativo,2025-04-12 00:00:00,OH
Nealson Wyldish,Ativo,2025-04-14 00:00:00,TX
Nealson Wyldish,Ativo,2025-05-02 00:00:00,PA
Nealson Wyldish,Ativo,2025-05-06 00:00:00,PA
Nealson Wyldish,Ativo,2025-05-16 00:00:00,PA
Nealson Wyldish,Ativo,2025-05-27 00:00:00,TX
Nealson Wyldish,Ativo,2025-08-09 00:00:00,IL
Nealson Wyldish,Ativo,2025-09-01 00:00:00,CA
Nealson Wyldish,Ativo,2025-09-30 00:00:00,AR
Nealson Wyldish,Ativo,2025-10-02 00:00:00,TX
Nealson Wyldish,Ativo,2025-10-06 00:00:00,MD
Nealson Wyldish,Ativo,2025-10-30 00:00:00,NC
Nealson Wyldish,Ativo,2025-11-26 00:00:00,NE
Nealson Wyldish,Ativo,2025-12-15 00:00:00,SC
Nealson Wyldish,Ativo,2025-12-27 00:00:00,NC
Nealson Wyldish,Ativo,2026-01-22 00:00:00,WV
Nealson Wyldish,Ativo,2026-01-24 00:00:00,MA
Nealson Wyldish,Ativo,2026-02-01 00:00:00,ID
Ranique Issacov,Inadimplente,2025-02-26 00:00:00,FL
Ranique Issacov,Inadimplente,2025-03-03 00:00:00,IN
Ranique Issacov,Inadimplente,2025-03-07 00:00:00,IL
Ranique Issacov,Inadimplente,2025-03-20 00:00:00,MS
Ranique Issacov,Inadimplente,2025-03-23 00:00:00,PA
Ranique Issacov,Inadimplente,2025-04-07 00:00:00,WA
Ranique Issacov,Inadimplente,2025-04-09 00:00:00,MI
Ranique Issacov,Inadimplente,2025-05-31 00:00:00,MO
Ranique Issacov,Inadimplente,2025-06-17 00:00:00,LA
Ranique Issacov,Inadimplente,2025-06-19 00:00:00,OH
Ranique Issacov,Inadimplente,2025-06-30 00:00:00,NJ
Ranique Issacov,Inadimplente,2025-08-05 00:00:00,KS
Ranique Issacov,Inadimplente,2025-08-18 00:00:00,PA
Ranique Issacov,Inadimplente,2025-08-31 00:00:00,HI
Ranique Issacov,Inadimplente,2025-09-09 00:00:00,OK
Ranique Issacov,Inadimplente,2025-09-13 00:00:00,TX
Ranique Issacov,Inadimplente,2025-10-10 00:00:00,OH
Ranique Issacov,Inadimplente,2025-10-17 00:00:00,TX
Ranique Issacov,Inadimplente,2025-10-18 00:00:00,ID
Ranique Issacov,Inadimplente,2025-11-16 00:00:00,KS
Ranique Issacov,Inadimplente,2025-11-17 00:00:00,VA
Ranique Issacov,Inadimplente,2025-11-24 00:00:00,TX
Ranique Issacov,Inadimplente,2025-11-25 00:00:00,LA
Ranique Issacov,Inadimplente,2025-11-28 00:00:00,IN
Ranique Issacov,Inadimplente,2025-12-04 00:00:00,IA
Ranique Issacov,Inadimplente,2025-12-16 00:00:00,NC
Ranique Issacov,Inadimplente,2025-12-20 00:00:00,PA
Ranique Issacov,Inadimplente,2026-01-12 00:00:00,PA
Ranique Issacov,Inadimplente,2026-01-28 00:00:00,WA
Ranique Issacov,Inadimplente,2026-02-09 00:00:00,MN
Ranique Issacov,Inadimplente,2026-02-10 00:00:00,CA
Ranique Issacov,Inadimplente,2026-02-15 00:00:00,CA
Guenevere Lyster,Ativo,2025-02-17 00:00:00,PA
Guenevere Lyster,Ativo,2025-03-06 00:00:00,GA
Guenevere Lyster,Ativo,2025-03-08 00:00:00,SC
Guenevere Lyster,Ativo,2025-03-17 00:00:00,CA
Guenevere Lyster,Ativo,2025-03-28 00:00:00,IL
Guenevere Lyster,Ativo,2025-03-30 00:00:00,TX
Guenevere Lyster,Ativo,2025-05-28 00:00:00,NJ
Guenevere Lyster,Ativo,2025-06-13 00:00:00,WI
Guenevere Lyster,Ativo,2025-10-20 00:00:00,MD
Guenevere Lyster,Ativo,2025-10-31 00:00:00,TX
Guenevere Lyster,Ativo,2025-11-18 00:00:00,NY
Guenevere Lyster,Ativo,2025-11-24 00:00:00,FL
Guenevere Lyster,Ativo,2025-12-01 00:00:00,FL
Guenevere Lyster,Ativo,2025-12-21 00:00:00,TX
Guenevere Lyster,Ativo,2026-02-02 00:00:00,WI
Olga Boshard,Cancelado,2025-03-05 00:00:00,TN
Olga Boshard,Cancelado,2025-04-09 00:00:00,IL
Olga Boshard,Cancelado,2025-05-09 00:00:00,CA
Olga Boshard,Cancelado,2025-05-13 00:00:00,PA
Olga Boshard,Cancelado,2025-05-18 00:00:00,TX
Olga Boshard,Cancelado,2025-05-25 00:00:00,CA
Olga Boshard,Cancelado,2025-09-10 00:00:00,LA
Olga Boshard,Cancelado,2025-10-16 00:00:00,VT
Olga Boshard,Cancelado,2025-11-18 00:00:00,WV
Olga Boshard,Cancelado,2026-01-02 00:00:00,TX
Olga Boshard,Cancelado,2026-01-09 00:00:00,IN
Lindi Bockmaster,Cancelado,2025-02-23 00:00:00,WI
Lindi Bockmaster,Cancelado,2025-03-09 00:00:00,MO
Lindi Bockmaster,Cancelado,2025-03-18 00:00:00,NC
Lindi Bockmaster,Cancelado,2025-03-30 00:00:00,MO
Lindi Bockmaster,Cancelado,2025-04-22 00:00:00,CA
Lindi Bockmaster,Cancelado,2025-06-02 00:00:00,OK
Lindi Bockmaster,Cancelado,2025-06-19 00:00:00,IN
Lindi Bockmaster,Cancelado,2025-06-23 00:00:00,DC
Lindi Bockmaster,Cancelado,2025-07-02 00:00:00,IA
Lindi Bockmaster,Cancelado,2025-08-08 00:00:00,CA
Lindi Bockmaster,Cancelado,2025-08-18 00:00:00,IN
Lindi Bockmaster,Cancelado,2025-10-20 00:00:00,FL
Lindi Bockmaster,Cancelado,2025-11-18 00:00:00,NY
Lindi Bockmaster,Cancelado,2025-11-20 00:00:00,OH
Lindi Bockmaster,Cancelado,2025-11-21 00:00:00,TN
Lindi Bockmaster,Cancelado,2025-11-24 00:00:00,CA
Lindi Bockmaster,Cancelado,2025-12-24 00:00:00,KY
Lindi Bockmaster,Cancelado,2026-01-04 00:00:00,DE
Lindi Bockmaster,Cancelado,2026-01-09 00:00:00,MA
Lindi Bockmaster,Cancelado,2026-02-01 00:00:00,TX
Lindi Bockmaster,Cancelado,2026-02-11 00:00:00,VA
Baryram Barok,Ativo,2025-02-18 00:00:00,FL
Baryram Barok,Ativo,2025-02-27 00:00:00,FL
Baryram Barok,Ativo,2025-03-18 00:00:00,TN
Baryram Barok,Ativo,2025-04-06 00:00:00,PA
Baryram Barok,Ativo,2025-05-09 00:00:00,OH
Baryram Barok,Ativo,2025-05-12 00:00:00,TX
Baryram Barok,Ativo,2025-05-19 00:00:00,IL
Baryram Barok,Ativo,2025-05-26 00:00:00,OR
Baryram Barok,Ativo,2025-06-30 00:00:00,CA
Baryram Barok,Ativo,2025-07-16 00:00:00,TX
Baryram Barok,Ativo,2025-07-25 00:00:00,IL
Baryram Barok,Ativo,2025-07-30 00:00:00,TX
Baryram Barok,Ativo,2025-08-19 00:00:00,NC
Baryram Barok,Ativo,2025-09-06 00:00:00,SC
Baryram Barok,Ativo,2025-09-07 00:00:00,IL
Baryram Barok,Ativo,2025-10-03 00:00:00,IN
Baryram Barok,Ativo,2025-10-10 00:00:00,FL
Baryram Barok,Ativo,2025-10-10 00:00:00,TN
Baryram Barok,Ativo,2025-11-27 00:00:00,FL
Baryram Barok,Ativo,2025-12-24 00:00:00,WA
Baryram Barok,Ativo,2026-01-05 00:00:00,MI
Baryram Barok,Ativo,2026-01-18 00:00:00,PA
Baryram Barok,Ativo,2026-01-19 00:00:00,DE
Hope Casillas,Ativo,2025-02-19 00:00:00,NY
Hope Casillas,Ativo,2025-03-27 00:00:00,KS
Hope Casillas,Ativo,2025-04-23 00:00:00,PA
Hope Casillas,Ativo,2025-04-27 00:00:00,LA
Hope Casillas,Ativo,2025-05-03 00:00:00,CA
Hope Casillas,Ativo,2025-05-26 00:00:00,CT
Hope Casillas,Ativo,2025-05-31 00:00:00,OH
Hope Casillas,Ativo,2025-06-01 00:00:00,PA
Hope Casillas,Ativo,2025-06-02 00:00:00,WI
Hope Casillas,Ativo,2025-07-05 00:00:00,MT
Hope Casillas,Ativo,2025-07-25 00:00:00,IN
Hope Casillas,Ativo,2025-09-10 00:00:00,NY
Hope Casillas,Ativo,2025-09-22 00:00:00,FL
Hope Casillas,Ativo,2025-11-05 00:00:00,MS
Hope Casillas,Ativo,2025-11-05 00:00:00,PA
Hope Casillas,Ativo,2025-11-09 00:00:00,TX
Hope Casillas,Ativo,2025-11-14 00:00:00,GA
Hope Casillas,Ativo,2025-11-23 00:00:00,SC
Hope Casillas,Ativo,2025-12-05 00:00:00,MD
Hope Casillas,Ativo,2025-12-26 00:00:00,GA
Hope Casillas,Ativo,2026-01-17 00:00:00,PA
Hope Casillas,Ativo,2026-02-08 00:00:00,IL
Wanids Gourlie,Cancelado,2025-04-01 00:00:00,MI
Wanids Gourlie,Cancelado,2025-04-01 00:00:00,VT
Wanids Gourlie,Cancelado,2025-05-04 00:00:00,OK
Wanids Gourlie,Cancelado,2025-05-17 00:00:00,TX
Wanids Gourlie,Cancelado,2025-07-05 00:00:00,CA
Wanids Gourlie,Cancelado,2025-07-14 00:00:00,IN
Wanids Gourlie,Cancelado,2025-08-11 00:00:00,KS
Wanids Gourlie,Cancelado,2025-08-12 00:00:00,OK
Wanids Gourlie,Cancelado,2025-08-25 00:00:00,IN
Wanids Gourlie,Cancelado,2025-09-26 00:00:00,AZ
Wanids Gourlie,Cancelado,2025-10-26 00:00:00,FL
Wanids Gourlie,Cancelado,2025-12-19 00:00:00,OH
Wanids Gourlie,Cancelado,2026-01-22 00:00:00,PA
Innis McPharlain,Ativo,2025-02-26 00:00:00,IN
Innis McPharlain,Ativo,2025-03-31 00:00:00,TX
Innis McPharlain,Ativo,2025-05-05 00:00:00,CA
Innis McPharlain,Ativo,2025-05-13 00:00:00,CA
Innis McPharlain,Ativo,2025-05-13 00:00:00,SC
Innis McPharlain,Ativo,2025-05-19 00:00:00,NC
Innis McPharlain,Ativo,2025-06-06 00:00:00,VA
Innis McPharlain,Ativo,2025-07-16 00:00:00,NC
Innis McPharlain,Ativo,2025-07-27 00:00:00,IN
Innis McPharlain,Ativo,2025-09-22 00:00:00,CT
Innis McPharlain,Ativo,2025-10-17 00:00:00,PA
Innis McPharlain,Ativo,2025-10-18 00:00:00,NJ
Innis McPharlain,Ativo,2025-11-03 00:00:00,OH
Innis McPharlain,Ativo,2026-01-11 00:00:00,IA
Innis McPharlain,Ativo,2026-02-01 00:00:00,OH
Innis McPharlain,Ativo,2026-02-01 00:00:00,PA
Bertine Ackrill,Ativo,2025-02-18 00:00:00,FL
Bertine Ackrill,Ativo,2025-02-26 00:00:00,LA
Bertine Ackrill,Ativo,2025-03-17 00:00:00,AR
Bertine Ackrill,Ativo,2025-03-22 00:00:00,SC
Bertine Ackrill,Ativo,2025-03-23 00:00:00,LA
Bertine Ackrill,Ativo,2025-03-24 00:00:00,CO
Bertine Ackrill,Ativo,2025-04-26 00:00:00,IN
Bertine Ackrill,Ativo,2025-05-30 00:00:00,TX
Bertine Ackrill,Ativo,2025-06-07 00:00:00,MA
Bertine Ackrill,Ativo,2025-07-09 00:00:00,WI
Bertine Ackrill,Ativo,2025-08-25 00:00:00,CO
Bertine Ackrill,Ativo,2025-09-21 00:00:00,IL
Bertine Ackrill,Ativo,2025-10-05 00:00:00,FL
Bertine Ackrill,Ativo,2025-10-19 00:00:00,NC
Bertine Ackrill,Ativo,2025-12-09 00:00:00,WV
Bertine Ackrill,Ativo,2025-12-16 00:00:00,TX
Bertine Ackrill,Ativo,2026-01-29 00:00:00,MI
Rora Lapree,Inadimplente,2025-02-18 00:00:00,SC
Rora Lapree,Inadimplente,2025-02-23 00:00:00,VA
Rora Lapree,Inadimplente,2025-02-25 00:00:00,TX
Rora Lapree,Inadimplente,2025-02-26 00:00:00,CA
Rora Lapree,Inadimplente,2025-03-20 00:00:00,TX
Rora Lapree,Inadimplente,2025-04-04 00:00:00,TN
Rora Lapree,Inadimplente,2025-05-27 00:00:00,NC
Rora Lapree,Inadimplente,2025-06-22 00:00:00,PA
Rora Lapree,Inadimplente,2025-06-23 00:00:00,WV
Rora Lapree,Inadimplente,2025-06-25 00:00:00,CA
Rora Lapree,Inadimplente,2025-07-12 00:00:00,IN
Rora Lapree,Inadimplente,2025-08-02 00:00:00,NC
Rora Lapree,Inadimplente,2025-08-21 00:00:00,TX
Rora Lapree,Inadimplente,2025-09-16 00:00:00,NC
Rora Lapree,Inadimplente,2025-11-16 00:00:00,TX
Rora Lapree,Inadimplente,2025-11-21 00:00:00,LA
Rora Lapree,Inadimplente,2025-11-28 00:00:00,NH
Rora Lapree,Inadimplente,2025-12-14 00:00:00,MS
Rora Lapree,Inadimplente,2025-12-23 00:00:00,TN
Rora Lapree,Inadimplente,2026-01-05 00:00:00,MA
Rora Lapree,Inadimplente,2026-01-11 00:00:00,NY
Rora Lapree,Inadimplente,2026-01-15 00:00:00,NE
Rora Lapree,Inadimplente,2026-01-27 00:00:00,WA
Rora Lapree,Inadimplente,2026-02-16 00:00:00,CA
Silvain Horning,Ativo,2025-02-19 00:00:00,NY
Silvain Horning,Ativo,2025-03-02 00:00:00,MD
Silvain Horning,Ativo,2025-03-08 00:00:00,IN
Silvain Horning,Ativo,2025-04-13 00:00:00,FL
Silvain Horning,Ativo,2025-04-14 00:00:00,IA
Silvain Horning,Ativo,2025-05-09 00:00:00,TX
Silvain Horning,Ativo,2025-05-13 00:00:00,TX
Silvain Horning,Ativo,2025-05-21 00:00:00,NC
Silvain Horning,Ativo,2025-05-28 00:00:00,MI
Silvain Horning,Ativo,2025-07-02 00:00:00,TN
Silvain Horning,Ativo,2025-08-06 00:00:00,PR
Silvain Horning,Ativo,2025-09-27 00:00:00,NY
Silvain Horning,Ativo,2025-09-30 00:00:00,WA
Silvain Horning,Ativo,2025-10-02 00:00:00,PA
Silvain Horning,Ativo,2025-10-08 00:00:00,AZ
Silvain Horning,Ativo,2025-10-09 00:00:00,AK
Silvain Horning,Ativo,2025-10-24 00:00:00,KS
Silvain Horning,Ativo,2025-12-13 00:00:00,NC
Silvain Horning,Ativo,2025-12-15 00:00:00,FL
Silvain Horning,Ativo,2026-01-18 00:00:00,KS
Silvain Horning,Ativo,2026-01-18 00:00:00,TN
Silvain Horning,Ativo,2026-02-05 00:00:00,OH
Silvain Horning,Ativo,2026-02-07 00:00:00,GA
Silvain Horning,Ativo,2026-02-08 00:00:00,MD
Silvain Horning,Ativo,2026-02-09 00:00:00,NY
Nobie Caveill,Ativo,2025-02-18 00:00:00,WI
Nobie Caveill,Ativo,2025-03-04 00:00:00,KY
Nobie Caveill,Ativo,2025-03-08 00:00:00,CA
Nobie Caveill,Ativo,2025-03-14 00:00:00,NC
Nobie Caveill,Ativo,2025-03-21 00:00:00,OK
Nobie Caveill,Ativo,2025-03-28 00:00:00,AZ
Nobie Caveill,Ativo,2025-05-19 00:00:00,CA
Nobie Caveill,Ativo,2025-05-29 00:00:00,FL
Nobie Caveill,Ativo,2025-06-17 00:00:00,SC
Nobie Caveill,Ativo,2025-06-19 00:00:00,CA
Nobie Caveill,Ativo,2025-06-19 00:00:00,KY
Nobie Caveill,Ativo,2025-07-20 00:00:00,ND
Nobie Caveill,Ativo,2025-07-29 00:00:00,IL
Nobie Caveill,Ativo,2025-08-12 00:00:00,FL
Nobie Caveill,Ativo,2025-09-17 00:00:00,AZ
Nobie Caveill,Ativo,2025-09-25 00:00:00,MO
Nobie Caveill,Ativo,2025-11-09 00:00:00,FL
Nobie Caveill,Ativo,2025-11-10 00:00:00,AZ
Nobie Caveill,Ativo,2025-12-17 00:00:00,PA
Nobie Caveill,Ativo,2026-01-24 00:00:00,VA
Nobie Caveill,Ativo,2026-02-05 00:00:00,MS
Nobie Caveill,Ativo,2026-02-15 00:00:00,MI
Missie Scone,Ativo,2025-02-17 00:00:00,MD
Missie Scone,Ativo,2025-02-24 00:00:00,IL
Missie Scone,Ativo,2025-03-18 00:00:00,IA
Missie Scone,Ativo,2025-03-20 00:00:00,FL
Missie Scone,Ativo,2025-03-27 00:00:00,AZ
Missie Scone,Ativo,2025-04-05 00:00:00,PA
Missie Scone,Ativo,2025-05-06 00:00:00,CA
Missie Scone,Ativo,2025-05-26 00:00:00,MD
Missie Scone,Ativo,2025-06-11 00:00:00,CA
Missie Scone,Ativo,2025-06-26 00:00:00,FL
Missie Scone,Ativo,2025-07-04 00:00:00,NY
Missie Scone,Ativo,2025-08-01 00:00:00,LA
Missie Scone,Ativo,2025-08-08 00:00:00,KS
Missie Scone,Ativo,2025-08-25 00:00:00,WY
Missie Scone,Ativo,2025-09-22 00:00:00,IL
Missie Scone,Ativo,2025-10-16 00:00:00,TN
Missie Scone,Ativo,2025-11-09 00:00:00,MA
Missie Scone,Ativo,2025-11-13 00:00:00,KS
Missie Scone,Ativo,2025-11-20 00:00:00,FL
Missie Scone,Ativo,2025-11-25 00:00:00,CA
Missie Scone,Ativo,2025-11-30 00:00:00,GA
Missie Scone,Ativo,2025-12-02 00:00:00,SC
Missie Scone,Ativo,2025-12-26 00:00:00,GA
Missie Scone,Ativo,2026-01-10 00:00:00,FL
Missie Scone,Ativo,2026-01-29 00:00:00,GA
Missie Scone,Ativo,2026-02-05 00:00:00,AR
Mildred Cree,Ativo,2025-02-19 00:00:00,MO
Mildred Cree,Ativo,2025-02-21 00:00:00,IN
Mildred Cree,Ativo,2025-02-21 00:00:00,NC
Mildred Cree,Ativo,2025-03-16 00:00:00,IL
Mildred Cree,Ativo,2025-03-31 00:00:00,KY
Mildred Cree,Ativo,2025-04-01 00:00:00,SC
Mildred Cree,Ativo,2025-04-30 00:00:00,PA
Mildred Cree,Ativo,2025-05-14 00:00:00,IL
Mildred Cree,Ativo,2025-05-30 00:00:00,IN
Mildred Cree,Ativo,2025-06-20 00:00:00,TX
Mildred Cree,Ativo,2025-08-16 00:00:00,IN
Mildred Cree,Ativo,2025-08-19 00:00:00,IL
Mildred Cree,Ativo,2025-08-30 00:00:00,FL
Mildred Cree,Ativo,2025-09-14 00:00:00,AR
Mildred Cree,Ativo,2025-09-15 00:00:00,KY
Mildred Cree,Ativo,2025-09-23 00:00:00,TN
Mildred Cree,Ativo,2025-09-25 00:00:00,KS
Mildred Cree,Ativo,2025-10-19 00:00:00,TN
Mildred Cree,Ativo,2025-11-13 00:00:00,IL
Mildred Cree,Ativo,2025-11-27 00:00:00,FL
Mildred Cree,Ativo,2025-12-07 00:00:00,WI
Mildred Cree,Ativo,2025-12-16 00:00:00,LA
Mildred Cree,Ativo,2026-01-04 00:00:00,KY
Mildred Cree,Ativo,2026-01-14 00:00:00,IL
Mildred Cree,Ativo,2026-01-30 00:00:00,NY
Had Kenwell,Ativo,2025-02-19 00:00:00,IL
Had Kenwell,Ativo,2025-02-20 00:00:00,NC
Had Kenwell,Ativo,2025-03-07 00:00:00,TN
Had Kenwell,Ativo,2025-03-18 00:00:00,WA
Had Kenwell,Ativo,2025-04-05 00:00:00,MO
Had Kenwell,Ativo,2025-05-13 00:00:00,TX
Had Kenwell,Ativo,2025-05-15 00:00:00,TX
Had Kenwell,Ativo,2025-06-07 00:00:00,NC
Had Kenwell,Ativo,2025-06-20 00:00:00,VA
Had Kenwell,Ativo,2025-08-06 00:00:00,NY
Had Kenwell,Ativo,2025-08-24 00:00:00,AS
Had Kenwell,Ativo,2025-08-27 00:00:00,MI
Had Kenwell,Ativo,2025-09-23 00:00:00,ID
Had Kenwell,Ativo,2025-12-03 00:00:00,FL
Had Kenwell,Ativo,2025-12-13 00:00:00,MI
Had Kenwell,Ativo,2026-01-12 00:00:00,SC
Had Kenwell,Ativo,2026-01-16 00:00:00,NC
Had Kenwell,Ativo,2026-01-19 00:00:00,KS
Had Kenwell,Ativo,2026-01-23 00:00:00,OH
Had Kenwell,Ativo,2026-02-07 00:00:00,CA
Sharleen Flahive,Cancelado,2025-03-01 00:00:00,NJ
Sharleen Flahive,Cancelado,2025-03-12 00:00:00,IL
Sharleen Flahive,Cancelado,2025-03-18 00:00:00,MO
Sharleen Flahive,Cancelado,2025-03-23 00:00:00,LA
Sharleen Flahive,Cancelado,2025-03-26 00:00:00,NY
Sharleen Flahive,Cancelado,2025-04-18 00:00:00,MA
Sharleen Flahive,Cancelado,2025-04-30 00:00:00,NC
Sharleen Flahive,Cancelado,2025-05-03 00:00:00,MI
Sharleen Flahive,Cancelado,2025-06-09 00:00:00,TX
Sharleen Flahive,Cancelado,2025-06-14 00:00:00,PA
Sharleen Flahive,Cancelado,2025-08-03 00:00:00,IL
Sharleen Flahive,Cancelado,2025-09-22 00:00:00,IL
Sharleen Flahive,Cancelado,2025-10-04 00:00:00,TN
Sharleen Flahive,Cancelado,2025-11-22 00:00:00,NV
Sharleen Flahive,Cancelado,2026-01-07 00:00:00,OH
Sharleen Flahive,Cancelado,2026-01-08 00:00:00,NH
Sharleen Flahive,Cancelado,2026-01-14 00:00:00,KS
Sharleen Flahive,Cancelado,2026-01-24 00:00:00,NY
Sharleen Flahive,Cancelado,2026-01-27 00:00:00,TN
Sharleen Flahive,Cancelado,2026-01-28 00:00:00,FL
Sharleen Flahive,Cancelado,2026-01-30 00:00:00,TX
